Title,Price,Rating
Generic,499,N/A
Symbol Premium,"1,299",4.3 out of 5 stars
Blue Minded People,"2,199",N/A
Blue Minded People,"2,499",N/A
U TURN,378,3.7 out of 5 stars
DEELMO,498,3.9 out of 5 stars
NexaFlair,468,3.1 out of 5 stars
Highlander,557,4.1 out of 5 stars
Allen Solly,989,3.7 out of 5 stars
Generic,349,3.4 out of 5 stars
The Indian Garage Co,524,4.0 out of 5 stars
DEELMO,496,4.1 out of 5 stars
Afflatus,499,4.5 out of 5 stars
The Indian Garage Co,462,3.8 out of 5 stars
CB-COLEBROOK,498,3.6 out of 5 stars
Generic,299,3.2 out of 5 stars
Highlander,479,3.9 out of 5 stars
The Indian Garage Co,524,3.8 out of 5 stars
S-LINE,329,4.2 out of 5 stars
Hmkm,299,4.1 out of 5 stars
Imsa Moda,349,N/A
Louis Philippe,"1,189",4.0 out of 5 stars
Pinkmint,949,3.3 out of 5 stars
Highlander,504,4.2 out of 5 stars
Generic,249,3.8 out of 5 stars
U TURN,378,3.8 out of 5 stars
POSITIVE VIBES WITH DEVICE OF HEART,399,3.9 out of 5 stars
Louis Philippe,"1,289",3.9 out of 5 stars
U.S. POLO ASSN.,"1,699",4.1 out of 5 stars
Amazon Brand - Symbol,549,4.0 out of 5 stars
Park Avenue,943,4.5 out of 5 stars
Allen Solly,699,4.1 out of 5 stars
Van Heusen,"1,289",4.0 out of 5 stars
Majestic Man,499,4.1 out of 5 stars
The Souled Store,"1,499",4.0 out of 5 stars
Majestic Man,499,4.0 out of 5 stars
Urbano Fashion,699,4.0 out of 5 stars
Van Heusen,"1,289",4.0 out of 5 stars
Allen Solly,959,3.7 out of 5 stars
Pinkmint,399,3.8 out of 5 stars
Louis Philippe,"1,379",5.0 out of 5 stars
Peter England,939,4.2 out of 5 stars
Louis Philippe,"1,509",4.3 out of 5 stars
U.S. POLO ASSN.,"1,000",4.2 out of 5 stars
Peter England,"1,209",4.4 out of 5 stars
Louis Philippe,"1,549",3.8 out of 5 stars
U TURN,378,3.5 out of 5 stars
Zombom,494,4.1 out of 5 stars
Levi's,"1,397",4.0 out of 5 stars
Van Heusen,"1,160.",4.1 out of 5 stars
Van Heusen,"1,160.",4.0 out of 5 stars
Louis Philippe,"1,319",3.9 out of 5 stars
Louis Philippe,"1,469",4.2 out of 5 stars
Louis Philippe,"1,471",4.2 out of 5 stars
Miraan,674,3.8 out of 5 stars
Peter England,"1,209",4.1 out of 5 stars
Amazon Brand - Symbol,549,4.0 out of 5 stars
Louis Philippe,"1,559",4.1 out of 5 stars
Cotton King,"1,399",3.8 out of 5 stars
CB-COLEBROOK,498,3.8 out of 5 stars
Symbol Premium,"1,299",4.3 out of 5 stars
Louis Philippe,"1,189",4.0 out of 5 stars
Louis Philippe,"1,559",4.1 out of 5 stars
Highlander,504,4.2 out of 5 stars
Urban Buccachi,294,3.9 out of 5 stars
Van Heusen,"1,289",4.1 out of 5 stars
Amazon Brand - Symbol,549,4.0 out of 5 stars
Louis Philippe,"1,559",4.1 out of 5 stars
IndoPrimo,499,4.3 out of 5 stars
The Souled Store,"1,498",4.1 out of 5 stars
Highlander,504,4.1 out of 5 stars
Peter England,809.,4.0 out of 5 stars
Highlander,544,4.2 out of 5 stars
Peter England,"1,079",4.1 out of 5 stars
Louis Philippe,"1,609",3.9 out of 5 stars
Van Heusen,940,4.0 out of 5 stars
U.S. POLO ASSN.,"1,385",4.0 out of 5 stars
Louis Philippe,"1,549",4.1 out of 5 stars
GAP,"1,109",3.8 out of 5 stars
Allen Solly,"1,159",4.1 out of 5 stars
Generic,499,N/A
Imsa Moda,349,N/A
Highlander,573,4.4 out of 5 stars
Louis Philippe,"1,559",4.1 out of 5 stars
Peter England,853,4.0 out of 5 stars
Allen Solly,"1,079",3.8 out of 5 stars
AUSK,298,3.8 out of 5 stars
Highlander,555,4.1 out of 5 stars
GRECIILOOKS,499,4.0 out of 5 stars
U.S.POLO ASSN.,"2,699",5.0 out of 5 stars
U.S. POLO ASSN.,"1,655",4.1 out of 5 stars
U.S. POLO ASSN.,"1,299",4.0 out of 5 stars
Louis Philippe,"1,475.",4.4 out of 5 stars
Peter England,927,4.2 out of 5 stars
Van Heusen,"1,289",4.0 out of 5 stars
Peter England,939,4.0 out of 5 stars
Peter England,911,3.8 out of 5 stars
DEELMO,498,4.0 out of 5 stars
Peter England,"1,349",4.2 out of 5 stars
Bellstone,498,4.0 out of 5 stars
Louis Philippe,"1,356",4.1 out of 5 stars
Van Heusen,"1,289",4.0 out of 5 stars
Amazon Brand - INKAST,599,4.2 out of 5 stars
Peter England,"1,039",4.4 out of 5 stars
Majestic Man,429,4.4 out of 5 stars
Urbano Plus,849,3.7 out of 5 stars
Urbano Plus,999,3.9 out of 5 stars
U.S. POLO ASSN.,"1,875",3.7 out of 5 stars
The Indian Garage Co,524,4.1 out of 5 stars
Majestic Man,499,3.8 out of 5 stars
The Indian Garage Co,689,3.2 out of 5 stars
Lymio,599,3.8 out of 5 stars
Louis Philippe,"1,679",4.2 out of 5 stars
Louis Philippe,"1,609",4.1 out of 5 stars
Peter England,853,4.2 out of 5 stars
Majestic Man,599,4.0 out of 5 stars
Thomas Scott,709,4.0 out of 5 stars
U.S. POLO ASSN.,"3,299",N/A
Amazon Brand - INKAST,599,4.2 out of 5 stars
The Souled Store,"1,699",4.3 out of 5 stars
Symbol Premium,"1,299",4.1 out of 5 stars
The Souled Store,"1,399",N/A
Louis Philippe,"1,559",4.1 out of 5 stars
Louis Philippe,"1,189",4.0 out of 5 stars
Louis Philippe,"1,399",5.0 out of 5 stars
DAMENSCH,"1,489",4.0 out of 5 stars
Levi's,N/A,4.2 out of 5 stars
Allen Solly,959,3.9 out of 5 stars
FINIVO FASHION,486,3.9 out of 5 stars
Park Avenue,902,4.2 out of 5 stars
The Indian Garage Co,614,3.8 out of 5 stars
JACK & JONES,"1,120",3.8 out of 5 stars
Peter England,949,4.0 out of 5 stars
Peter England,"1,039",4.0 out of 5 stars
Park Avenue,873,4.2 out of 5 stars
Allen Solly,"1,079",4.1 out of 5 stars
Van Heusen,"1,289",4.0 out of 5 stars
Peter England,"1,209",4.1 out of 5 stars
FYLTR,249,4.1 out of 5 stars
The Indian Garage Co,659,3.6 out of 5 stars
U.S. POLO ASSN.,"3,299",N/A
Highlander,504,4.2 out of 5 stars
U.S. POLO ASSN. DENIM CO.,"2,499",N/A
Imsa Moda,349,N/A
Amazon Brand - Symbol,549,3.9 out of 5 stars
Thomas Scott,709,3.9 out of 5 stars
Thomas Scott,709,4.0 out of 5 stars
The Indian Garage Co,524,3.9 out of 5 stars
onyx wear,399,N/A
Levi's,"1,299",4.0 out of 5 stars
U.S. POLO ASSN.,"1,835",3.9 out of 5 stars
Peter England,"1,043",4.2 out of 5 stars
Allen Solly,"1,049",3.7 out of 5 stars
Majestic Man,399,3.5 out of 5 stars
Peter England,909,4.3 out of 5 stars
Majestic Man,499,3.8 out of 5 stars
Allen Solly,"1,099",3.9 out of 5 stars
MADHAVISTA,497,3.8 out of 5 stars
Peter England,853,4.0 out of 5 stars
Raymond,840,4.2 out of 5 stars
Peter England,"1,159",4.3 out of 5 stars
Park Avenue,874,4.1 out of 5 stars
Majestic Man,499,4.2 out of 5 stars
DEELMO,496,4.1 out of 5 stars
Peter England,"1,039",3.7 out of 5 stars
Arrow,"1,089",3.9 out of 5 stars
Lymio,449,4.6 out of 5 stars
Van Heusen,"1,099",4.1 out of 5 stars
Louis Philippe,"1,160.",4.2 out of 5 stars
Van Heusen,"1,289",4.0 out of 5 stars
Peter England,909,4.1 out of 5 stars
U.S. POLO ASSN.,"1,700",4.1 out of 5 stars
Leriya Fashion,499,4.0 out of 5 stars
MILDIN,391,4.2 out of 5 stars
Levi's,"1,349",3.9 out of 5 stars
Pinkmint,399,3.8 out of 5 stars
Generic,499,N/A
The Souled Store,"1,817",4.0 out of 5 stars
U.S. Polo Assn. Denim Co.,"2,625",N/A
Louis Philippe,"1,559",4.1 out of 5 stars
